hours_of_studying,grade
0,1
0.5,1.166666667
1,1.333333333
1.5,1.5
2,1.666666667
2.5,1.833333333
3,2
3.5,2.166666667
4,2.333333333
4.5,2.5
5,2.666666667
5.5,2.833333333
6,3
6.5,3.166666667
7,3.333333333
7.5,3.5
8,3.666666667
8.5,3.833333333
9,4
9.5,4.166666667
10,4.333333333
10.5,4.5
11,4.666666667
11.5,4.833333333
12,5
12.5,5.166666667
13,5.333333333
13.5,5.5
14,5.666666667
14.5,5.833333333
15,6
15.5,6.166666667
16,6.333333333
16.5,6.5 
17,6.666666667
17.5,6.833333333
18,7
18.5,7.166666667
19,7.333333333
19.5,7.5
20,7.666666667
20.5,7.833333333
21,8
21.5,8.166666667
22,8.333333333
22.5,8.5
23,8.666666667
23.5,8.833333333
24,9
24.5,9.166666667
25,9.333333333
25.5,9.5
26,9.666666667
26.5,9.833333333
27,10
27.5,10.16666667
28,10.33333333
28.5,10.5
29,10.66666667
29.5,10.83333333
30,11
30.5,11.16666667
31,11.33333333
31.5,11.5
32,11.66666667
32.5,11.83333333
33,12
33.5,12.16666667
34,12.33333333
34.5,12.5
35,12.66666667
35.5,12.83333333
36,13
36.5,13.16666667
37,13.33333333
37.5,13.5
38,13.66666667
38.5,13.83333333
39,14
39.5,14.16666667
40,14.33333333
40.5,14.5
41,14.66666667
41.5,14.83333333
42,15
42.5,15.16666667
43,15.33333333
43.5,15.5
44,15.66666667
44.5,15.83333333
45,16
45.5,16.16666667
46,16.33333333
46.5,16.5
47,16.66666667
47.5,16.83333333
48,17
48.5,17.16666667
49,17.33333333
49.5,17.5
50,17.66666667
50.5,17.83333333
51,18
51.5,18.16666667
52,18.33333333
52.5,18.5
53,18.66666667
53.5,18.83333333
54,19
54.5,19.16666667
55,19.33333333
55.5,19.5
56,19.66666667
56.5,19.83333333
57,20
57.5,20.16666667
58,20.33333333
58.5,20.5
59,20.66666667
59.5,20.83333333
60,21
60.5,21.16666667
61,21.33333333
61.5,21.5
62,21.66666667
62.5,21.83333333
63,22
63.5,22.16666667
64,22.33333333
64.5,22.5
65,22.66666667
65.5,22.83333333
66,23
66.5,23.16666667
67,23.33333333
67.5,23.5
68,23.66666667
68.5,23.83333333
69,24
69.5,24.16666667
70,24.33333333
70.5,24.5
71,24.66666667
71.5,24.83333333
72,25
72.5,25.16666667
73,25.33333333
73.5,25.5
74,25.66666667
74.5,25.83333333
75,26
75.5,26.16666667
76,26.33333333
76.5,26.5
77,26.66666667
77.5,26.83333333
78,27
78.5,27.16666667
79,27.33333333
79.5,27.5
80,27.66666667
80.5,27.83333333
81,28
81.5,28.16666667
82,28.33333333
82.5,28.5
83,28.66666667
83.5,28.83333333
84,29
84.5,29.16666667
85,29.33333333
85.5,29.5
86,29.66666667
86.5,29.83333333
87,30
87.5,30.16666667
88,30.33333333
88.5,30.5
89,30.66666667
89.5,30.83333333
90,31
90.5,31.16666667
91,31.33333333
91.5,31.5
92,31.66666667
92.5,31.83333333
93,32
93.5,32.16666667
94,32.33333333
94.5,32.5
95,32.66666667
95.5,32.83333333
96,33
96.5,33.16666667
97,33.33333333
97.5,33.5
98,33.66666667
98.5,33.83333333
99,34
99.5,34.16666667
100,34.33333333
100.5,34.5
101,34.66666667
101.5,34.83333333
102,35
102.5,35.16666667
103,35.33333333
103.5,35.5
104,35.66666667
104.5,35.83333333
105,36
105.5,36.16666667
106,36.33333333
106.5,36.5
107,36.66666667
107.5,36.83333333
108,37
108.5,37.16666667
109,37.33333333
109.5,37.5
110,37.66666667
110.5,37.83333333
111,38
111.5,38.16666667
112,38.33333333
112.5,38.5
113,38.66666667
113.5,38.83333333
114,39
114.5,39.16666667
115,39.33333333
115.5,39.5
116,39.66666667
116.5,39.83333333
117,40
117.5,40.16666667
118,40.33333333
118.5,40.5
119,40.66666667
119.5,40.83333333
120,41
120.5,41.16666667
121,41.33333333
121.5,41.5
122,41.66666667
122.5,41.83333333
123,42
123.5,42.16666667
124,42.33333333
124.5,42.5
125,42.66666667
125.5,42.83333333
126,43
126.5,43.16666667
127,43.33333333
127.5,43.5
128,43.66666667
128.5,43.83333333
129,44
129.5,44.16666667
130,44.33333333
130.5,44.5
131,44.66666667
131.5,44.83333333
132,45
132.5,45.16666667
133,45.33333333
133.5,45.5
134,45.66666667
134.5,45.83333333
135,46
135.5,46.16666667
136,46.33333333
136.5,46.5
137,46.66666667
137.5,46.83333333
138,47
138.5,47.16666667
139,47.33333333
139.5,47.5
140,47.66666667
140.5,47.83333333
141,48
141.5,48.16666667
142,48.33333333
142.5,48.5
143,48.66666667
143.5,48.83333333
144,49
144.5,49.16666667
145,49.33333333
145.5,49.5
146,49.66666667
146.5,49.83333333
147,50
147.5,50.16666667
148,50.33333333
148.5,50.5
149,50.66666667
149.5,50.83333333
150,51
150.5,51.16666667
151,51.33333333
151.5,51.5
152,51.66666667
152.5,51.83333333
153,52
153.5,52.16666667
154,52.33333333
154.5,52.5
155,52.66666667
155.5,52.83333333
156,53
156.5,53.16666667
157,53.33333333
157.5,53.5
158,53.66666667
158.5,53.83333333
159,54
159.5,54.16666667
160,54.33333333
160.5,54.5
161,54.66666667
161.5,54.83333333
162,55
162.5,55.16666667
163,55.33333333
163.5,55.5
164,55.66666667
164.5,55.83333333
165,56
165.5,56.16666667
166,56.33333333
166.5,56.5
167,56.66666667
167.5,56.83333333
168,57
168.5,57.16666667
169,57.33333333
169.5,57.5
170,57.66666667
170.5,57.83333333
171,58
171.5,58.16666667
172,58.33333333
172.5,58.5
173,58.66666667
173.5,58.83333333
174,59
174.5,59.16666667
175,59.33333333
175.5,59.5
176,59.66666667
176.5,59.83333333
177,60
177.5,60.16666667
178,60.33333333
178.5,60.5
179,60.66666667
179.5,60.83333333
180,61
180.5,61.16666667
181,61.33333333
181.5,61.5
182,61.66666667
182.5,61.83333333
183,62
183.5,62.16666667
184,62.33333333
184.5,62.5
185,62.66666667
185.5,62.83333333
186,63
186.5,63.16666667
187,63.33333333
187.5,63.5
188,63.66666667
188.5,63.83333333
189,64
189.5,64.16666667
190,64.33333333
190.5,64.5
191,64.66666667
191.5,64.83333333
192,65
192.5,65.16666667
193,65.33333333
193.5,65.5
194,65.66666667
194.5,65.83333333
195,66
195.5,66.16666667
196,66.33333333
196.5,66.5
197,66.66666667
197.5,66.83333333
198,67
198.5,67.16666667
199,67.33333333
199.5,67.5
200,67.66666667
200.5,67.83333333
201,68
201.5,68.16666667
202,68.33333333
202.5,68.5
203,68.66666667
203.5,68.83333333
204,69
204.5,69.16666667
205,69.33333333
205.5,69.5
206,69.66666667
206.5,69.83333333
207,70
207.5,70.16666667
208,70.33333333
208.5,70.5
209,70.66666667
209.5,70.83333333
210,71
210.5,71.16666667
211,71.33333333
211.5,71.5
212,71.66666667
212.5,71.83333333
213,72
213.5,72.16666667
214,72.33333333
214.5,72.5
215,72.66666667
215.5,72.83333333
216,73
216.5,73.16666667
217,73.33333333
217.5,73.5
218,73.66666667
218.5,73.83333333
219,74
219.5,74.16666667
220,74.33333333
220.5,74.5
221,74.66666667
221.5,74.83333333
222,75
222.5,75.16666667
223,75.33333333
223.5,75.5
224,75.66666667
224.5,75.83333333
225,76
225.5,76.16666667
226,76.33333333
226.5,76.5
227,76.66666667
227.5,76.83333333
228,77
228.5,77.16666667
229,77.33333333
229.5,77.5
230,77.66666667
230.5,77.83333333
231,78
231.5,78.16666667
232,78.33333333
232.5,78.5
233,78.66666667
233.5,78.83333333
234,79
234.5,79.16666667
235,79.33333333
235.5,79.5
236,79.66666667
236.5,79.83333333
237,80
237.5,80.16666667
238,80.33333333
238.5,80.5
239,80.66666667
239.5,80.83333333
240,81
240.5,81.16666667
241,81.33333333
241.5,81.5
242,81.66666667
242.5,81.83333333
243,82
243.5,82.16666667
244,82.33333333
244.5,82.5
245,82.66666667
245.5,82.83333333
246,83
246.5,83.16666667
247,83.33333333
247.5,83.5
248,83.66666667
248.5,83.83333333
249,84
249.5,84.16666667
250,84.33333333
250.5,84.5
251,84.66666667
251.5,84.83333333
252,85
252.5,85.16666667
253,85.33333333
253.5,85.5
254,85.66666667
254.5,85.83333333
255,86
255.5,86.16666667
256,86.33333333
256.5,86.5
257,86.66666667
257.5,86.83333333
258,87
258.5,87.16666667
259,87.33333333
259.5,87.5
260,87.66666667
260.5,87.83333333
261,88
261.5,88.16666667
262,88.33333333
262.5,88.5
263,88.66666667
263.5,88.83333333
264,89
264.5,89.16666667
265,89.33333333
265.5,89.5
266,89.66666667
266.5,89.83333333
267,90
267.5,90.16666667
268,90.33333333
268.5,90.5
269,90.66666667
269.5,90.83333333
270,91
270.5,91.16666667
271,91.33333333
271.5,91.5
272,91.66666667
272.5,91.83333333
273,92
273.5,92.16666667
274,92.33333333
274.5,92.5
275,92.66666667
275.5,92.83333333
276,93
276.5,93.16666667
277,93.33333333
277.5,93.5
278,93.66666667
278.5,93.83333333
279,94
279.5,94.16666667
280,94.33333333
280.5,94.5
281,94.66666667
281.5,94.83333333
282,95
282.5,95.16666667
283,95.33333333
283.5,95.5
284,95.66666667
284.5,95.83333333
285,96
285.5,96.16666667
286,96.33333333
286.5,96.5
287,96.66666667
287.5,96.83333333
288,97
288.5,97.16666667
289,97.33333333
289.5,97.5
290,97.66666667
290.5,97.83333333
291,98
291.5,98.16666667
292,98.33333333
292.5,98.5
293,98.66666667
293.5,98.83333333
294,99
294.5,99.16666667
295,99.33333333
295.5,99.5
296,99.66666667
296.5,99.83333333
297,100
297.5,100.1666667
298,100.3333333
298.5,100.5
299,100.6666667
299.5,100.8333333
300,101
300.5,101.1666667
301,101.3333333
301.5,101.5
302,101.6666667
302.5,101.8333333
303,102
303.5,102.1666667
304,102.3333333
304.5,102.5
305,102.6666667
305.5,102.8333333
306,103
306.5,103.1666667
307,103.3333333
307.5,103.5
308,103.6666667
308.5,103.8333333
309,104
309.5,104.1666667
310,104.3333333
310.5,104.5
311,104.6666667
311.5,104.8333333
312,105
312.5,105.1666667
313,105.3333333
313.5,105.5
314,105.6666667
314.5,105.8333333
315,106
315.5,106.1666667
316,106.3333333
316.5,106.5
317,106.6666667
317.5,106.8333333
318,107
318.5,107.1666667
319,107.3333333
319.5,107.5
320,107.6666667
320.5,107.8333333
321,108
321.5,108.1666667
322,108.3333333
322.5,108.5
323,108.6666667
323.5,108.8333333
324,109
324.5,109.1666667
325,109.3333333
325.5,109.5
326,109.6666667
326.5,109.8333333
327,110
327.5,110.1666667
328,110.3333333
328.5,110.5
329,110.6666667
329.5,110.8333333
330,111
330.5,111.1666667
331,111.3333333
331.5,111.5
332,111.6666667
332.5,111.8333333
333,112
333.5,112.1666667
334,112.3333333
334.5,112.5
335,112.6666667
335.5,112.8333333
336,113
336.5,113.1666667
337,113.3333333
337.5,113.5
338,113.6666667
338.5,113.8333333
339,114
339.5,114.1666667
340,114.3333333
340.5,114.5
341,114.6666667
341.5,114.8333333
342,115
342.5,115.1666667
343,115.3333333
343.5,115.5
344,115.6666667
344.5,115.8333333
345,116
345.5,116.1666667
346,116.3333333
346.5,116.5
347,116.6666667
347.5,116.8333333
348,117
348.5,117.1666667
349,117.3333333
349.5,117.5
350,117.6666667
350.5,117.8333333
351,118
351.5,118.1666667
352,118.3333333
352.5,118.5
353,118.6666667
353.5,118.8333333
354,119
354.5,119.1666667
355,119.3333333
355.5,119.5
356,119.6666667
356.5,119.8333333
357,120
357.5,120.1666667
358,120.3333333
358.5,120.5
359,120.6666667
359.5,120.8333333
360,121
360.5,121.1666667
361,121.3333333
361.5,121.5
362,121.6666667
362.5,121.8333333
363,122
363.5,122.1666667
364,122.3333333
364.5,122.5
365,122.6666667
365.5,122.8333333
366,123
366.5,123.1666667
367,123.3333333
367.5,123.5
368,123.6666667
368.5,123.8333333
369,124
369.5,124.1666667
370,124.3333333
370.5,124.5
371,124.6666667
371.5,124.8333333
372,125
372.5,125.1666667
373,125.3333333
373.5,125.5
374,125.6666667
374.5,125.8333333
375,126
375.5,126.1666667
376,126.3333333
376.5,126.5
377,126.6666667
377.5,126.8333333
378,127
378.5,127.1666667
379,127.3333333
379.5,127.5
380,127.6666667
380.5,127.8333333
381,128
381.5,128.1666667
382,128.3333333
382.5,128.5
383,128.6666667
383.5,128.8333333
384,129
384.5,129.1666667
385,129.3333333
385.5,129.5
386,129.6666667
386.5,129.8333333
387,130
387.5,130.1666667
388,130.3333333
388.5,130.5
389,130.6666667
389.5,130.8333333
390,131
390.5,131.1666667
391,131.3333333
391.5,131.5
392,131.6666667
392.5,131.8333333
393,132
393.5,132.1666667
394,132.3333333
394.5,132.5
395,132.6666667
395.5,132.8333333
396,133
396.5,133.1666667
397,133.3333333
397.5,133.5
398,133.6666667
398.5,133.8333333
399,134
399.5,134.1666667
400,134.3333333
400.5,134.5
401,134.6666667
401.5,134.8333333
402,135
402.5,135.1666667
403,135.3333333
403.5,135.5
404,135.6666667
404.5,135.8333333
405,136
405.5,136.1666667
406,136.3333333
406.5,136.5
407,136.6666667
407.5,136.8333333
408,137
408.5,137.1666667
409,137.3333333
409.5,137.5
410,137.6666667
410.5,137.8333333
411,138
411.5,138.1666667
412,138.3333333
412.5,138.5
413,138.6666667
413.5,138.8333333
414,139
414.5,139.1666667
415,139.3333333
415.5,139.5
416,139.6666667
416.5,139.8333333
417,140
417.5,140.1666667
418,140.3333333
418.5,140.5
419,140.6666667
419.5,140.8333333
420,141
420.5,141.1666667
421,141.3333333
421.5,141.5
422,141.6666667
422.5,141.8333333
423,142
423.5,142.1666667
424,142.3333333
424.5,142.5
425,142.6666667
425.5,142.8333333
426,143
426.5,143.1666667
427,143.3333333
427.5,143.5
428,143.6666667
428.5,143.8333333
429,144
429.5,144.1666667
430,144.3333333
430.5,144.5
431,144.6666667
431.5,144.8333333
432,145
432.5,145.1666667
433,145.3333333
433.5,145.5
434,145.6666667
434.5,145.8333333
435,146
435.5,146.1666667
436,146.3333333
436.5,146.5
437,146.6666667
437.5,146.8333333
438,147
438.5,147.1666667
439,147.3333333
439.5,147.5
440,147.6666667
440.5,147.8333333
441,148
441.5,148.1666667
442,148.3333333
442.5,148.5
443,148.6666667
443.5,148.8333333
444,149
444.5,149.1666667
445,149.3333333
445.5,149.5
446,149.6666667
446.5,149.8333333
447,150
447.5,150.1666667
448,150.3333333
448.5,150.5
449,150.6666667
449.5,150.8333333
450,151
450.5,151.1666667
451,151.3333333
451.5,151.5
452,151.6666667
452.5,151.8333333
453,152
453.5,152.1666667
454,152.3333333
454.5,152.5
455,152.6666667
455.5,152.8333333
456,153
456.5,153.1666667
457,153.3333333
457.5,153.5
458,153.6666667
458.5,153.8333333
459,154
459.5,154.1666667
460,154.3333333
460.5,154.5
461,154.6666667
461.5,154.8333333
462,155
462.5,155.1666667
463,155.3333333
463.5,155.5
464,155.6666667
464.5,155.8333333
465,156
465.5,156.1666667
466,156.3333333
466.5,156.5
467,156.6666667
467.5,156.8333333
468,157
468.5,157.1666667
469,157.3333333
469.5,157.5
470,157.6666667
470.5,157.8333333
471,158
471.5,158.1666667
472,158.3333333
472.5,158.5
473,158.6666667
473.5,158.8333333
474,159
474.5,159.1666667
475,159.3333333
475.5,159.5
476,159.6666667
476.5,159.8333333
477,160
477.5,160.1666667
478,160.3333333
478.5,160.5
479,160.6666667
479.5,160.8333333
480,161
480.5,161.1666667
481,161.3333333
481.5,161.5
482,161.6666667
482.5,161.8333333
483,162
483.5,162.1666667
484,162.3333333
484.5,162.5
485,162.6666667
485.5,162.8333333
486,163
486.5,163.1666667
487,163.3333333
487.5,163.5
488,163.6666667
488.5,163.8333333
489,164
489.5,164.1666667
490,164.3333333
490.5,164.5
491,164.6666667
491.5,164.8333333
492,165
492.5,165.1666667
493,165.3333333
493.5,165.5
494,165.6666667
494.5,165.8333333
495,166
495.5,166.1666667
496,166.3333333
496.5,166.5
497,166.6666667
497.5,166.8333333
498,167
498.5,167.1666667
499,167.3333333
499.5,167.5
500,167.6666667
500.5,167.8333333
501,168
501.5,168.1666667
502,168.3333333
502.5,168.5
503,168.6666667
503.5,168.8333333
504,169
504.5,169.1666667
505,169.3333333
505.5,169.5
506,169.6666667
506.5,169.8333333
507,170
507.5,170.1666667
508,170.3333333
508.5,170.5
509,170.6666667
509.5,170.8333333
510,171
510.5,171.1666667
511,171.3333333
511.5,171.5
512,171.6666667
512.5,171.8333333
513,172
513.5,172.1666667
514,172.3333333
514.5,172.5
515,172.6666667
515.5,172.8333333
516,173
516.5,173.1666667
517,173.3333333
517.5,173.5
518,173.6666667
518.5,173.8333333
519,174
519.5,174.1666667
520,174.3333333
520.5,174.5
521,174.6666667
521.5,174.8333333
522,175
522.5,175.1666667
523,175.3333333
523.5,175.5
524,175.6666667
524.5,175.8333333
525,176
525.5,176.1666667
526,176.3333333
526.5,176.5
527,176.6666667
527.5,176.8333333
528,177
528.5,177.1666667
529,177.3333333
529.5,177.5
530,177.6666667
530.5,177.8333333
531,178
531.5,178.1666667
532,178.3333333
532.5,178.5
533,178.6666667
533.5,178.8333333
534,179
534.5,179.1666667
535,179.3333333
535.5,179.5
536,179.6666667
536.5,179.8333333
537,180
537.5,180.1666667
538,180.3333333
538.5,180.5
539,180.6666667
539.5,180.8333333
540,181
540.5,181.1666667
541,181.3333333
541.5,181.5
542,181.6666667
542.5,181.8333333
543,182
543.5,182.1666667
544,182.3333333
544.5,182.5
545,182.6666667
545.5,182.8333333
546,183
546.5,183.1666667
547,183.3333333
547.5,183.5
548,183.6666667
548.5,183.8333333
549,184
549.5,184.1666667
550,184.3333333
550.5,184.5
551,184.6666667
551.5,184.8333333
552,185
552.5,185.1666667
553,185.3333333
553.5,185.5
554,185.6666667
554.5,185.8333333
555,186
555.5,186.1666667
556,186.3333333
556.5,186.5
557,186.6666667
557.5,186.8333333
558,187
558.5,187.1666667
559,187.3333333
559.5,187.5
560,187.6666667
560.5,187.8333333
561,188
561.5,188.1666667
562,188.3333333
562.5,188.5
563,188.6666667
563.5,188.8333333
564,189
564.5,189.1666667
565,189.3333333
565.5,189.5
566,189.6666667
566.5,189.8333333
567,190
567.5,190.1666667
568,190.3333333
568.5,190.5
569,190.6666667
569.5,190.8333333
570,191
570.5,191.1666667
571,191.3333333
571.5,191.5
572,191.6666667
572.5,191.8333333
573,192
573.5,192.1666667
574,192.3333333
574.5,192.5
575,192.6666667
575.5,192.8333333
576,193
576.5,193.1666667
577,193.3333333
577.5,193.5
578,193.6666667
578.5,193.8333333
579,194
579.5,194.1666667
580,194.3333333
580.5,194.5
581,194.6666667
581.5,194.8333333
582,195
582.5,195.1666667
583,195.3333333
583.5,195.5
584,195.6666667
584.5,195.8333333
585,196
585.5,196.1666667
586,196.3333333
586.5,196.5
587,196.6666667
587.5,196.8333333
588,197
588.5,197.1666667
589,197.3333333
589.5,197.5
590,197.6666667
590.5,197.8333333
591,198
591.5,198.1666667
592,198.3333333
592.5,198.5
593,198.6666667
593.5,198.8333333
594,199
594.5,199.1666667
595,199.3333333
595.5,199.5
596,199.6666667
596.5,199.8333333
597,200
597.5,200.1666667
598,200.3333333
598.5,200.5
599,200.6666667
599.5,200.8333333
600,201
600.5,201.1666667
601,201.3333333
601.5,201.5
602,201.6666667
602.5,201.8333333
603,202
603.5,202.1666667
604,202.3333333
604.5,202.5
605,202.6666667
605.5,202.8333333
606,203
606.5,203.1666667
607,203.3333333
607.5,203.5
608,203.6666667
608.5,203.8333333
609,204
609.5,204.1666667
610,204.3333333
610.5,204.5
611,204.6666667
611.5,204.8333333
612,205
612.5,205.1666667
613,205.3333333
613.5,205.5
614,205.6666667
614.5,205.8333333
615,206
615.5,206.1666667
616,206.3333333
616.5,206.5
617,206.6666667
617.5,206.8333333
618,207
618.5,207.1666667
619,207.3333333
619.5,207.5
620,207.6666667
620.5,207.8333333
621,208
621.5,208.1666667
622,208.3333333
622.5,208.5
623,208.6666667
623.5,208.8333333
624,209
624.5,209.1666667
625,209.3333333
625.5,209.5
626,209.6666667
626.5,209.8333333
627,210
627.5,210.1666667
628,210.3333333
628.5,210.5
629,210.6666667
629.5,210.8333333
630,211
630.5,211.1666667
631,211.3333333
631.5,211.5
632,211.6666667
632.5,211.8333333
633,212
633.5,212.1666667
634,212.3333333
634.5,212.5
635,212.6666667
635.5,212.8333333
636,213
636.5,213.1666667
637,213.3333333
637.5,213.5
638,213.6666667
638.5,213.8333333
639,214
639.5,214.1666667
640,214.3333333
640.5,214.5
641,214.6666667
641.5,214.8333333
642,215
642.5,215.1666667
643,215.3333333
643.5,215.5
644,215.6666667
644.5,215.8333333
645,216
645.5,216.1666667
646,216.3333333
646.5,216.5
647,216.6666667
647.5,216.8333333
648,217
648.5,217.1666667
649,217.3333333
649.5,217.5
650,217.6666667
650.5,217.8333333
651,218
651.5,218.1666667
652,218.3333333
652.5,218.5
653,218.6666667
653.5,218.8333333
654,219
654.5,219.1666667
655,219.3333333
655.5,219.5
656,219.6666667
656.5,219.8333333
657,220
657.5,220.1666667
658,220.3333333
658.5,220.5
659,220.6666667
659.5,220.8333333
660,221
660.5,221.1666667
661,221.3333333
661.5,221.5
662,221.6666667
662.5,221.8333333
663,222
663.5,222.1666667
664,222.3333333
664.5,222.5
665,222.6666667
665.5,222.8333333
666,223
666.5,223.1666667
667,223.3333333
667.5,223.5
668,223.6666667
668.5,223.8333333
669,224
669.5,224.1666667
670,224.3333333
670.5,224.5
671,224.6666667
671.5,224.8333333
672,225
672.5,225.1666667
673,225.3333333
673.5,225.5
674,225.6666667
674.5,225.8333333
675,226
675.5,226.1666667
676,226.3333333
676.5,226.5
677,226.6666667
677.5,226.8333333
678,227
678.5,227.1666667
679,227.3333333
679.5,227.5
680,227.6666667
680.5,227.8333333
681,228
681.5,228.1666667
682,228.3333333
682.5,228.5
683,228.6666667
683.5,228.8333333
684,229
684.5,229.1666667
685,229.3333333
685.5,229.5
686,229.6666667
686.5,229.8333333
687,230
687.5,230.1666667
688,230.3333333
688.5,230.5
689,230.6666667
689.5,230.8333333
690,231
690.5,231.1666667
691,231.3333333
691.5,231.5
692,231.6666667
692.5,231.8333333
693,232
693.5,232.1666667
694,232.3333333
694.5,232.5
695,232.6666667
695.5,232.8333333
696,233
696.5,233.1666667
697,233.3333333
697.5,233.5
698,233.6666667
698.5,233.8333333
699,234
699.5,234.1666667
700,234.3333333
700.5,234.5
701,234.6666667
701.5,234.8333333
702,235
702.5,235.1666667
703,235.3333333
703.5,235.5
704,235.6666667
704.5,235.8333333
705,236
705.5,236.1666667
706,236.3333333
706.5,236.5
707,236.6666667
707.5,236.8333333
708,237
708.5,237.1666667
709,237.3333333
709.5,237.5
710,237.6666667
710.5,237.8333333
711,238
711.5,238.1666667
712,238.3333333
712.5,238.5
713,238.6666667
713.5,238.8333333
714,239
714.5,239.1666667
715,239.3333333
715.5,239.5
716,239.6666667
716.5,239.8333333
717,240
717.5,240.1666667
718,240.3333333
718.5,240.5
719,240.6666667
719.5,240.8333333
720,241
720.5,241.1666667
721,241.3333333
721.5,241.5
722,241.6666667
722.5,241.8333333
723,242
723.5,242.1666667
724,242.3333333
724.5,242.5
725,242.6666667
725.5,242.8333333
726,243
726.5,243.1666667
727,243.3333333
727.5,243.5
728,243.6666667
728.5,243.8333333
729,244
729.5,244.1666667
730,244.3333333
730.5,244.5
731,244.6666667
731.5,244.8333333
732,245
732.5,245.1666667
733,245.3333333
733.5,245.5
734,245.6666667
734.5,245.8333333
735,246
735.5,246.1666667
736,246.3333333
736.5,246.5
737,246.6666667
737.5,246.8333333
738,247
738.5,247.1666667
739,247.3333333
739.5,247.5
740,247.6666667
740.5,247.8333333
741,248
741.5,248.1666667
742,248.3333333
742.5,248.5
743,248.6666667
743.5,248.8333333
744,249
744.5,249.1666667
745,249.3333333
745.5,249.5
746,249.6666667
746.5,249.8333333
747,250
747.5,250.1666667
748,250.3333333
748.5,250.5
749,250.6666667
749.5,250.8333333
750,251
750.5,251.1666667
751,251.3333333
751.5,251.5
752,251.6666667
752.5,251.8333333
753,252
753.5,252.1666667
754,252.3333333
754.5,252.5
755,252.6666667
755.5,252.8333333
756,253
756.5,253.1666667
757,253.3333333
757.5,253.5
758,253.6666667
758.5,253.8333333
759,254
759.5,254.1666667
760,254.3333333
760.5,254.5
761,254.6666667
761.5,254.8333333
762,255
762.5,255.1666667
763,255.3333333
763.5,255.5
764,255.6666667
764.5,255.8333333
765,256
765.5,256.1666667
766,256.3333333
766.5,256.5
767,256.6666667
767.5,256.8333333
768,257
768.5,257.1666667
769,257.3333333
769.5,257.5
770,257.6666667
770.5,257.8333333
771,258
771.5,258.1666667
772,258.3333333
772.5,258.5
773,258.6666667
773.5,258.8333333
774,259
774.5,259.1666667
775,259.3333333
775.5,259.5
776,259.6666667
776.5,259.8333333
777,260
777.5,260.1666667
778,260.3333333
778.5,260.5
779,260.6666667
779.5,260.8333333
780,261
780.5,261.1666667
781,261.3333333
781.5,261.5
782,261.6666667
782.5,261.8333333
783,262
783.5,262.1666667
784,262.3333333
784.5,262.5
785,262.6666667
785.5,262.8333333
786,263
786.5,263.1666667
787,263.3333333
787.5,263.5
788,263.6666667
788.5,263.8333333
789,264
789.5,264.1666667
790,264.3333333
790.5,264.5
791,264.6666667
791.5,264.8333333
792,265
792.5,265.1666667
793,265.3333333
793.5,265.5
794,265.6666667
794.5,265.8333333
795,266
795.5,266.1666667
796,266.3333333
796.5,266.5
797,266.6666667
797.5,266.8333333
798,267
798.5,267.1666667
799,267.3333333
799.5,267.5
800,267.6666667
800.5,267.8333333
801,268
801.5,268.1666667
802,268.3333333
802.5,268.5
803,268.6666667
803.5,268.8333333
804,269
804.5,269.1666667
805,269.3333333
805.5,269.5
806,269.6666667
806.5,269.8333333
807,270
807.5,270.1666667
808,270.3333333
808.5,270.5
809,270.6666667
809.5,270.8333333
810,271
810.5,271.1666667
811,271.3333333
811.5,271.5
812,271.6666667
812.5,271.8333333
813,272
813.5,272.1666667
814,272.3333333
814.5,272.5
815,272.6666667
815.5,272.8333333
816,273
816.5,273.1666667
817,273.3333333
817.5,273.5
818,273.6666667
818.5,273.8333333
819,274
819.5,274.1666667
820,274.3333333
820.5,274.5
821,274.6666667
821.5,274.8333333
822,275
822.5,275.1666667
823,275.3333333
823.5,275.5
824,275.6666667
824.5,275.8333333
825,276
825.5,276.1666667
826,276.3333333
826.5,276.5
827,276.6666667
827.5,276.8333333
828,277
828.5,277.1666667
829,277.3333333
829.5,277.5
830,277.6666667
830.5,277.8333333
831,278
831.5,278.1666667
832,278.3333333
832.5,278.5
833,278.6666667
833.5,278.8333333
834,279
834.5,279.1666667
835,279.3333333
835.5,279.5
836,279.6666667
836.5,279.8333333
837,280
837.5,280.1666667
838,280.3333333
838.5,280.5
839,280.6666667
839.5,280.8333333
840,281
840.5,281.1666667
841,281.3333333
841.5,281.5
842,281.6666667
842.5,281.8333333
843,282
843.5,282.1666667
844,282.3333333
844.5,282.5
845,282.6666667
845.5,282.8333333
846,283
846.5,283.1666667
847,283.3333333
847.5,283.5
848,283.6666667
848.5,283.8333333
849,284
849.5,284.1666667
850,284.3333333
850.5,284.5
851,284.6666667
851.5,284.8333333
852,285
852.5,285.1666667
853,285.3333333
853.5,285.5
854,285.6666667
854.5,285.8333333
855,286
855.5,286.1666667
856,286.3333333
856.5,286.5
857,286.6666667
857.5,286.8333333
858,287
858.5,287.1666667
859,287.3333333
859.5,287.5
860,287.6666667
860.5,287.8333333
861,288
861.5,288.1666667
862,288.3333333
862.5,288.5
863,288.6666667
863.5,288.8333333
864,289
864.5,289.1666667
865,289.3333333
865.5,289.5
866,289.6666667
866.5,289.8333333
867,290
867.5,290.1666667
868,290.3333333
868.5,290.5
869,290.6666667
869.5,290.8333333
870,291
870.5,291.1666667
871,291.3333333
871.5,291.5
872,291.6666667
872.5,291.8333333
873,292
873.5,292.1666667
874,292.3333333
874.5,292.5
875,292.6666667
875.5,292.8333333
876,293
876.5,293.1666667
877,293.3333333
877.5,293.5
878,293.6666667
878.5,293.8333333
879,294
879.5,294.1666667
880,294.3333333
880.5,294.5
881,294.6666667
881.5,294.8333333
882,295
882.5,295.1666667
883,295.3333333
883.5,295.5
884,295.6666667
884.5,295.8333333
885,296
885.5,296.1666667
886,296.3333333
886.5,296.5
887,296.6666667
887.5,296.8333333
888,297
888.5,297.1666667
889,297.3333333
889.5,297.5
890,297.6666667
890.5,297.8333333
891,298
891.5,298.1666667
892,298.3333333
892.5,298.5
893,298.6666667
893.5,298.8333333
894,299
894.5,299.1666667
895,299.3333333
895.5,299.5
896,299.6666667
896.5,299.8333333
897,300
897.5,300.1666667
898,300.3333333
898.5,300.5
899,300.6666667
899.5,300.8333333
900,301
900.5,301.1666667
901,301.3333333
901.5,301.5
902,301.6666667
902.5,301.8333333
903,302
903.5,302.1666667
904,302.3333333
904.5,302.5
905,302.6666667
905.5,302.8333333
906,303
906.5,303.1666667
907,303.3333333
907.5,303.5
908,303.6666667
908.5,303.8333333
909,304
909.5,304.1666667
910,304.3333333
910.5,304.5
911,304.6666667
911.5,304.8333333
912,305
912.5,305.1666667
913,305.3333333
913.5,305.5
914,305.6666667
914.5,305.8333333
915,306
915.5,306.1666667
916,306.3333333
916.5,306.5
917,306.6666667
917.5,306.8333333
918,307
918.5,307.1666667
919,307.3333333
919.5,307.5
920,307.6666667
920.5,307.8333333
921,308
921.5,308.1666667
922,308.3333333
922.5,308.5
923,308.6666667
923.5,308.8333333
924,309
924.5,309.1666667
925,309.3333333
925.5,309.5
926,309.6666667
926.5,309.8333333
927,310
927.5,310.1666667
928,310.3333333
928.5,310.5
929,310.6666667
929.5,310.8333333
930,311
930.5,311.1666667
931,311.3333333
931.5,311.5
932,311.6666667
932.5,311.8333333
933,312
933.5,312.1666667
934,312.3333333
934.5,312.5
935,312.6666667
935.5,312.8333333
936,313
936.5,313.1666667
937,313.3333333
937.5,313.5
938,313.6666667
938.5,313.8333333
939,314
939.5,314.1666667
940,314.3333333
940.5,314.5
941,314.6666667
941.5,314.8333333
942,315
942.5,315.1666667
943,315.3333333
943.5,315.5
944,315.6666667
944.5,315.8333333
945,316
945.5,316.1666667
946,316.3333333
946.5,316.5
947,316.6666667
947.5,316.8333333
948,317
948.5,317.1666667
949,317.3333333
949.5,317.5
950,317.6666667
950.5,317.8333333
951,318
951.5,318.1666667
952,318.3333333
952.5,318.5
953,318.6666667
953.5,318.8333333
954,319
954.5,319.1666667
955,319.3333333
955.5,319.5
956,319.6666667
956.5,319.8333333
957,320
957.5,320.1666667
958,320.3333333
958.5,320.5
959,320.6666667
959.5,320.8333333
960,321
960.5,321.1666667
961,321.3333333
961.5,321.5
962,321.6666667
962.5,321.8333333
963,322
963.5,322.1666667
964,322.3333333
964.5,322.5
965,322.6666667
965.5,322.8333333
966,323
966.5,323.1666667
967,323.3333333
967.5,323.5
968,323.6666667
968.5,323.8333333
969,324
969.5,324.1666667
970,324.3333333
970.5,324.5
971,324.6666667
971.5,324.8333333
972,325
972.5,325.1666667
973,325.3333333
973.5,325.5
974,325.6666667
974.5,325.8333333
975,326
975.5,326.1666667
976,326.3333333
976.5,326.5
977,326.6666667
977.5,326.8333333
978,327
978.5,327.1666667
979,327.3333333
979.5,327.5
980,327.6666667
980.5,327.8333333
981,328
981.5,328.1666667
982,328.3333333
982.5,328.5
983,328.6666667
983.5,328.8333333
984,329
984.5,329.1666667
985,329.3333333
985.5,329.5
986,329.6666667
986.5,329.8333333
987,330
987.5,330.1666667
988,330.3333333
988.5,330.5
989,330.6666667
989.5,330.8333333
990,331
990.5,331.1666667
991,331.3333333
991.5,331.5
992,331.6666667
992.5,331.8333333
993,332
993.5,332.1666667
994,332.3333333
994.5,332.5
995,332.6666667
995.5,332.8333333
996,333
996.5,333.1666667
997,333.3333333
997.5,333.5
998,333.6666667
998.5,333.8333333
999,334
999.5,334.1666667
1000,334.3333333
